year,quarter,date,polar,dpolar,recession,election,wars,conservatives,polarg,polaro,ldisp,unemp,misery,gdpg,ww1,ww2,angloirish,korean,falkland,irak,afghan,troubles,troubles69,troubles72,nrcpol,ofpol,swnpol
1909,1,1909q1,-1.7899935,,,0,0,,,,,,,,0,0,0,0,0,0,0,0,0,0,-1.7941715,-1.34937,-1.496798
1909,2,1909q2,-1.3339995,0.45599401,,0,0,,,,,,,,0,0,0,0,0,0,0,0,0,0,-1.4601367,-0.81470871,0.2709021
1909,3,1909q3,-1.097386,0.23661351,,0,0,,,,,,,,0,0,0,0,0,0,0,0,0,0,-1.3098654,-0.48125809,0.40986946
1909,4,1909q4,-1.3777519,-0.28036594,,0,0,,,,,,,,0,0,0,0,0,0,0,0,0,0,-2.1553297,-1.0843973,0.2169802
1910,1,1910q1,-0.45878786,0.91896409,,1,0,,,,,,,,0,0,0,0,0,0,0,0,0,0,-1.0613828,-0.026695265,1.1101639
1910,2,1910q2,-0.94454336,-0.4857555,,0,0,,,,,,,,0,0,0,0,0,0,0,0,0,0,-0.91390097,-0.59158027,0.51187307
1910,3,1910q3,-0.66739833,0.27714503,,0,0,,,,,,,,0,0,0,0,0,0,0,0,0,0,-1.0483601,-0.32925415,1.0012857
1910,4,1910q4,-0.62635881,0.041039526,,1,0,,,,,,,,0,0,0,0,0,0,0,0,0,0,-0.8826946,-0.10503867,0.85749114
1911,1,1911q1,-0.58531934,0.041039467,,0,0,,,,,,,,0,0,0,0,0,0,0,0,0,0,-0.71702904,0.11917679,0.7136966
1911,2,1911q2,-0.49273345,0.092585891,,0,0,,,,,,,,0,0,0,0,0,0,0,0,0,0,-0.58437735,0.076288827,0.92135209
1911,3,1911q3,-0.471333,0.021400452,,0,0,,,,,,,,0,0,0,0,0,0,0,0,0,0,-0.073570743,0.4370614,0.62469113
1911,4,1911q4,-0.74337345,-0.27204046,,0,0,,,,,,,,0,0,0,0,0,0,0,0,0,0,-0.97067481,0.17036192,0.15210246
1912,1,1912q1,-0.60013789,0.14323556,,0,0,,,,,,,,0,0,0,0,0,0,0,0,0,0,-0.48095655,-0.073513724,1.3423836
1912,2,1912q2,-0.94372088,-0.34358299,,0,0,,,,,,,,0,0,0,0,0,0,0,0,0,0,-1.0262803,-0.63946545,0.3250066
1912,3,1912q3,-0.83424461,0.10947627,,0,0,,,,,,,,0,0,0,0,0,0,0,0,0,0,-0.90014911,-0.24029499,0.37569034
1912,4,1912q4,-0.99533963,-0.16109502,,0,0,,,,,,,,0,0,0,0,0,0,0,0,0,0,-2.0396531,-0.91564667,0.31772962
1913,1,1913q1,-0.85459673,0.1407429,,0,0,,,,,,,,0,0,0,0,0,0,0,0,0,0,-0.64590085,-0.24970435,0.50677705
1913,2,1913q2,-1.0058836,-0.15128684,,0,0,,,,,,,,0,0,0,0,0,0,0,0,0,0,-1.0386735,-0.618967,0.4860146
1913,3,1913q3,-0.81878871,0.18709487,,0,0,,,,,,,,0,0,0,0,0,0,0,0,0,0,-0.20838909,-0.092016019,0.67229378
1913,4,1913q4,-1.4667537,-0.64796501,,0,0,,,,,,,,0,0,0,0,0,0,0,0,0,0,-0.75985545,-1.0425844,-0.16525584
1914,1,1914q1,-2.1147187,-0.64796495,,0,0,,,,,,,,0,0,0,0,0,0,0,0,0,0,-1.3113219,-1.9931529,-1.0028056
1914,2,1914q2,-0.8981548,1.2165639,,0,0,,,,,,,,0,0,0,0,0,0,0,0,0,0,-1.0123218,-0.70727026,0.1726888
1914,3,1914q3,-1.1767066,-0.27855176,,0,1,,,,,,,,1,0,0,0,0,0,0,0,0,0,-1.782757,-0.43469793,0.24874879
1914,4,1914q4,-1.5917035,-0.41499698,,0,1,,,,,,,,1,0,0,0,0,0,0,0,0,0,-2.1914229,-0.78727245,-0.35018966
1915,1,1915q1,-1.079069,0.51263452,,0,1,,,,,,,,1,0,0,0,0,0,0,0,0,0,-1.1749815,-0.85905069,0.90974694
1915,2,1915q2,-0.28407428,0.79499471,,0,1,,,,,,,,1,0,0,0,0,0,0,0,0,0,-1.2300086,-0.14870615,1.4406995
1915,3,1915q3,-0.5251236,-0.24104932,,0,1,,,,,,,,1,0,0,0,0,0,0,0,0,0,-1.7475681,-0.49970517,1.4984294
1915,4,1915q4,-1.0751742,-0.55005062,,0,1,,,,,,,,1,0,0,0,0,0,0,0,0,0,-2.9203479,-0.93641609,0.15437691
1916,1,1916q1,-1.2044917,-0.12931752,,0,1,,,,,,,,1,0,0,0,0,0,0,0,0,0,-2.5340102,-1.6973401,-0.78610587
1916,2,1916q2,-1.4251262,-0.22063446,,0,1,,,,,,,,1,0,0,0,0,0,0,0,0,0,-3.2066321,-1.2804822,-0.44915074
1916,3,1916q3,-0.71596575,0.70916045,,0,1,,,,,,,,1,0,0,0,0,0,0,0,0,0,-1.0468513,-0.39670727,0.43012604
1916,4,1916q4,-1.1499323,-0.43396652,,0,1,,,,,,,,1,0,0,0,0,0,0,0,0,0,-1.3274976,-1.041357,0.069448009
1917,1,1917q1,-1.0414318,0.10850048,,0,1,,,,,,,,1,0,0,0,0,0,0,0,0,0,-1.607986,-1.2089965,0.31164515
1917,2,1917q2,-0.86446571,0.17696607,,0,1,,,,,,,,1,0,0,0,0,0,0,0,0,0,-1.556161,-0.71879536,0.44722891
1917,3,1917q3,-1.5030117,-0.63854599,,0,1,,,,,,,,1,0,0,0,0,0,0,0,0,0,-2.1064861,-1.1168376,0.6543017
1917,4,1917q4,-0.7125634,0.79044831,,0,1,,,,,,,,1,0,0,0,0,0,0,0,0,0,-1.6051277,-0.61353213,0.43412513
1918,1,1918q1,-0.92838913,-0.21582574,,0,1,,,,,,,,1,0,0,0,0,0,0,0,0,0,-0.68052745,-0.9152689,0.86184174
1918,2,1918q2,-0.55256689,0.37582225,,0,1,,,,,,,,1,0,0,0,0,0,0,0,0,0,-1.0040933,-0.56113422,1.1244736
1918,3,1918q3,-0.51947582,0.033091068,,0,1,,,,,,,,1,0,0,0,0,0,0,0,0,0,-0.6580295,-0.51459986,1.0541469
1918,4,1918q4,-0.65681726,-0.13734144,,1,1,,,,,,,,1,0,0,0,0,0,0,0,0,0,-0.6730172,-0.93245459,-0.022924878
1919,1,1919q1,-0.30084676,0.3559705,,0,1,,,,,,,,0,0,1,0,0,0,0,0,0,0,-0.25295028,0.34581324,1.4278132
1919,2,1919q2,-0.66270506,-0.36185831,,0,1,,,,,,,,0,0,1,0,0,0,0,0,0,0,-0.21423745,-0.075059742,0.86882222
1919,3,1919q3,-0.48217186,0.1805332,,0,1,,,,,,,,0,0,1,0,0,0,0,0,0,0,-0.565422,0.053265758,1.3054256
1919,4,1919q4,-0.73879105,-0.25661919,,0,1,,,,,,,,0,0,1,0,0,0,0,0,0,0,-1.0706346,-0.30187008,0.40122423
1920,1,1920q1,-1.0067958,-0.26800472,,0,1,,,,,,,,0,0,1,0,0,0,0,0,0,0,-1.1333232,-0.67728168,0.25553089
1920,2,1920q2,-1.1115118,-0.10471606,0,0,1,,,,,,,-0.088850975,0,0,1,0,0,0,0,0,0,0,-1.4819576,-0.73972321,0.26715457
1920,3,1920q3,-0.9631021,0.14840972,1,0,1,,,,,,,-0.3807815,0,0,1,0,0,0,0,0,0,0,-1.7588946,-0.31506491,-0.095902845
1920,4,1920q4,-1.8016675,-0.83856535,1,0,1,,,,,,,-3.1512964,0,0,1,0,0,0,0,0,0,0,-1.9409994,-1.4581213,-1.2469261
1921,1,1921q1,-1.8817302,-0.080062747,1,0,1,,,,,,,-2.385999,0,0,1,0,0,0,0,0,0,0,-1.3007742,-0.97111964,-2.2536645
1921,2,1921q2,-1.3434745,0.53825569,1,0,1,,,,,,,-8.0481958,0,0,1,0,0,0,0,0,0,0,-1.5464946,-0.87319481,-0.66724837
1921,3,1921q3,-0.36860126,0.97487324,0,0,1,,,,,,,8.2365055,0,0,1,0,0,0,0,0,0,0,0.62860328,1.1571846,1.5766891
1921,4,1921q4,-1.8500729,-1.4814715,0,0,0,,,,,,,-1.1561239,0,0,0,0,0,0,0,0,0,0,-1.4636565,-1.2283438,-2.4916074
1922,1,1922q1,-1.3816466,0.46842623,0,0,0,,,,,,,0.054289155,0,0,0,0,0,0,0,0,0,0,-1.6693054,-0.74497378,-1.03969
1922,2,1922q2,-1.0060443,0.37560236,0,0,0,,,,,,,1.0612925,0,0,0,0,0,0,0,0,0,0,-1.2145556,-0.27410734,-0.41375792
1922,3,1922q3,-0.97739053,0.028653741,0,0,0,,,,,,,0.96147114,0,0,0,0,0,0,0,0,0,0,-1.0063597,-0.61397249,-0.40951037
1922,4,1922q4,-1.3046657,-0.32727516,0,1,0,,,,,,,-0.92885751,0,0,0,0,0,0,0,0,0,0,-1.4347379,-0.4623237,-1.7572778
1923,1,1923q1,-0.99543691,0.30922878,0,0,0,,,,,,,0.13150948,0,0,0,0,0,0,0,0,0,0,-1.1546397,-0.50813293,-1.7819847
1923,2,1923q2,-1.0870864,-0.091649532,0,0,0,,,,,,,0.35375339,0,0,0,0,0,0,0,0,0,0,-1.364777,-0.64153129,-0.34214461
1923,3,1923q3,-0.88370812,0.20337832,0,0,0,,,,,,,-0.22382961,0,0,0,0,0,0,0,0,0,0,-0.54213643,-0.12147678,-0.052398436
1923,4,1923q4,-0.56064761,0.32306051,0,1,0,,,,,,,0.43097371,0,0,0,0,0,0,0,0,0,0,-0.47533467,0.25302073,0.020002408
1924,1,1924q1,-0.23758709,0.32306051,0,0,0,,,,,,,0.21061325,0,0,0,0,0,0,0,0,0,0,-0.40853295,0.6275183,0.092403173
1924,2,1924q2,-0.29893002,-0.061342925,0,0,0,,,,,,,0.98972249,0,0,0,0,0,0,0,0,0,0,-0.46071026,0.28762054,0.20901185
1924,3,1924q3,-0.23173638,0.067193642,0,0,0,,,,,,,0.44352987,0,0,0,0,0,0,0,0,0,0,-0.21575701,0.44509578,0.40398884
1924,4,1924q4,-2.030164,-1.7984276,0,1,0,,,,,,,0.088190764,0,0,0,0,0,0,0,0,0,0,-2.4269342,-0.91801316,-2.1340439
1925,1,1925q1,-0.33426538,1.6958987,0,0,0,,,,,,,0.35626462,0,0,0,0,0,0,0,0,0,0,0.13572776,0.37626642,0.69339567
1925,2,1925q2,-0.68526655,-0.35100117,0,0,0,,,,,,,-0.083200708,0,0,0,0,0,0,0,0,0,0,-0.28801602,-0.26033312,-0.59029883
1925,3,1925q3,-0.86352205,-0.1782555,0,0,0,,,,,,,-0.32867348,0,0,0,0,0,0,0,0,0,0,-0.75314486,-0.31146258,-1.4318595
1925,4,1925q4,-0.74525791,0.11826414,0,0,0,,,,,,,0.44039083,0,0,0,0,0,0,0,0,0,0,-1.4052066,-0.22484598,-0.79220784
1926,1,1926q1,-0.3076227,0.43763521,0,0,0,,,,,,,0.31545711,0,0,0,0,0,0,0,0,0,0,0.058675226,0.2947588,0.13462742
1926,2,1926q2,-1.4375225,-1.1298999,1,0,0,,,,,,,-4.2292418,0,0,0,0,0,0,0,0,0,0,-1.2106569,-0.7401672,-0.26570344
1926,3,1926q3,-1.2479299,0.1895926,1,0,0,,,,,,,-2.1574769,0,0,0,0,0,0,0,0,0,0,-1.1987017,-0.37616298,0.21980236
1926,4,1926q4,-1.3664565,-0.11852658,0,0,0,,,,,,,1.9000435,0,0,0,0,0,0,0,0,0,0,-1.1069969,-1.1504244,-0.82505089
1927,1,1927q1,-0.92296028,0.44349623,0,0,0,,,,,,,4.1708236,0,0,0,0,0,0,0,0,0,0,-0.78728759,-0.37350374,0.069324605
1927,2,1927q2,-2.1597588,-1.2367985,0,0,0,,,,,,,0.46487531,0,0,0,0,0,0,0,0,0,0,-2.7895577,-1.8281969,-0.71146286
1927,3,1927q3,-1.3765501,0.78320873,0,0,0,,,,,,,-0.28598255,0,0,0,0,0,0,0,0,0,0,-1.4235173,-1.0796441,-1.4490242
1927,4,1927q4,-1.5114796,-0.13492954,0,0,0,,,,,,,-0.64320511,0,0,0,0,0,0,0,0,0,0,-1.2876405,-0.62912226,-3.195972
1928,1,1928q1,-0.62796301,0.88351661,0,0,0,,,,,,,-0.075039208,0,0,0,0,0,0,0,0,0,0,-0.75732464,-0.21831523,-0.34725922
1928,2,1928q2,-0.77318561,-0.1452226,0,0,0,,,,,,,-0.0084916037,0,0,0,0,0,0,0,0,0,0,-0.31068546,-0.20146984,0.21475929
1928,3,1928q3,-0.21944176,0.55374384,0,0,0,,,,,,,-0.45235157,0,0,0,0,0,0,0,0,0,0,0.43809012,0.59787041,0.76259154
1928,4,1928q4,-0.74851102,-0.52906924,0,0,0,,,,,,,-0.14723708,0,0,0,0,0,0,0,0,0,0,-0.25948551,-0.13306537,-1.2580466
1929,1,1929q1,-0.50796026,0.24055076,0,0,0,,,,,,,0.27025497,0,0,0,0,0,0,0,0,0,0,-0.018716443,-0.30949068,-0.76796091
1929,2,1929q2,-0.065789089,0.44217116,0,1,0,,,,,,,0.51635551,0,0,0,0,0,0,0,0,0,0,0.66748184,0.64253217,0.37050524
1929,3,1929q3,-0.017704956,0.048084132,0,0,0,,,,,,,0.23007528,0,0,0,0,0,0,0,0,0,0,-0.015209666,0.2053787,0.39221531
1929,4,1929q4,-0.82315373,-0.80544877,0,0,0,,,,,,,-0.3054446,0,0,0,0,0,0,0,0,0,0,-0.96925223,-0.3722192,-0.84036428
1930,1,1930q1,-0.16551414,0.65763962,1,0,0,,,,,,,-0.33746278,0,0,0,0,0,0,0,0,0,0,-0.42199463,0.1374272,0.097383641
1930,2,1930q2,-0.97305256,-0.80753839,1,0,0,,,,,,,-0.89683932,0,0,0,0,0,0,0,0,0,0,-0.81998861,-0.5463984,-0.80306852
1930,3,1930q3,-0.92713743,0.045915127,1,0,0,,,,,,,-1.1159441,0,0,0,0,0,0,0,0,0,0,-1.0574378,-0.59491593,-1.0407759
1930,4,1930q4,-1.0155019,-0.088364422,1,0,0,,,,,,,-1.4292202,0,0,0,0,0,0,0,0,0,0,-0.10173272,-0.38825154,-0.67467511
1931,1,1931q1,-0.26103896,0.7544629,1,0,0,,,,1.940177,,,-1.7016886,0,0,0,0,0,0,0,0,0,0,0.017566683,0.24453013,0.3480013
1931,2,1931q2,-0.72949821,-0.46845925,1,0,0,,,,0.012309061,,,-0.7279591,0,0,0,0,0,0,0,0,0,0,-0.66232342,-0.30203214,-0.57762617
1931,3,1931q3,-1.6501123,-0.92061406,1,0,0,,,,0.4615359,,,-0.57916868,0,0,0,0,0,0,0,0,0,0,-1.1199503,-0.91634411,-2.0698452
1931,4,1931q4,-1.4199282,0.23018408,0,1,0,,,,-0.78017962,,,0.10451376,0,0,0,0,0,0,0,0,0,0,-1.4128394,-0.29766226,-1.7493896
1932,1,1932q1,-0.31679311,1.1031351,0,0,0,,,,-0.0071026273,,,-0.238897,0,0,0,0,0,0,0,0,0,0,-1.3978034,0.07728973,-0.41053674
1932,2,1932q2,-1.0626247,-0.74583161,1,0,0,,,,-0.45923856,,,-0.76311636,0,0,0,0,0,0,0,0,0,0,-1.1185347,-0.48097107,-0.82867807
1932,3,1932q3,-0.99917644,0.06344825,1,0,0,,,,1.8274803,,,-0.66078371,0,0,0,0,0,0,0,0,0,0,-1.5402206,-0.31265405,-0.98939586
1932,4,1932q4,-0.92947346,0.069702983,0,0,0,,,,0.64649856,,,0.66577375,0,0,0,0,0,0,0,0,0,0,-1.2033617,-0.20753202,-1.5132879
1933,1,1933q1,-0.63371336,0.2957601,0,0,0,,,,-0.10024602,,,-0.37575904,0,0,0,0,0,0,0,0,0,0,-0.75350791,-0.1544642,-0.34155786
1933,2,1933q2,-0.85991281,-0.22619945,0,0,0,,,,-0.36718413,,,0.62810528,0,0,0,0,0,0,0,0,0,0,-1.5568694,-0.18973526,-0.84304816
1933,3,1933q3,-0.18773477,0.67217803,0,0,0,,,,-0.32780534,,,0.6852358,0,0,0,0,0,0,0,0,0,0,-0.013002083,0.55535513,0.50156164
1933,4,1933q4,-1.0820394,-0.89430457,0,0,0,,,,-0.69957078,,,0.57725286,0,0,0,0,0,0,0,0,0,0,-1.7612709,-0.6339097,-2.0551662
1934,1,1934q1,-0.74423587,0.33780348,0,0,0,,,,-0.59874862,,,0.84595454,0,0,0,0,0,0,0,0,0,0,-0.81350595,-0.28018042,-1.0292975
1934,2,1934q2,-1.2834848,-0.53924894,0,0,0,,,,-0.24732782,,,0.52075022,0,0,0,0,0,0,0,0,0,0,-1.5249697,-0.53790051,-1.3603292
1934,3,1934q3,-0.41286382,0.87062097,0,0,0,,,,-0.52397668,,,0.18926778,0,0,0,0,0,0,0,0,0,0,-0.87321764,-0.078716069,-0.37637311
1934,4,1934q4,-1.1208441,-0.70798028,0,0,0,,,,-0.39064971,,,-0.021047756,0,0,0,0,0,0,0,0,0,0,-1.8005102,-0.76293367,-1.3433057
1935,1,1935q1,-0.62743211,0.49341202,0,0,0,,,,-0.13123409,,,-0.099523708,0,0,0,0,0,0,0,0,0,0,-0.85173708,-0.26813737,-0.36057225
1935,2,1935q2,-0.14818339,0.4792487,0,0,0,,,,-0.10634217,,,0.71097589,0,0,0,0,0,0,0,0,0,0,-0.38747019,0.43917125,0.26923543
1935,3,1935q3,-0.58714181,-0.43895841,0,0,0,,,,-0.088200241,,,0.31922397,0,0,0,0,0,0,0,0,0,0,-0.43181649,-0.052913819,-0.89302069
1935,4,1935q4,-0.52898121,0.058160603,0,1,0,,,,0.52574915,,,0.29160044,0,0,0,0,0,0,0,0,0,0,-0.89380193,-0.20200568,-1.5722746
1936,1,1936q1,-0.51632935,0.012651861,0,0,0,,,,0.13867702,,,0.30415657,0,0,0,0,0,0,0,0,0,0,-0.39532825,-0.37735489,-0.70366591
1936,2,1936q2,-0.6268,-0.11047065,0,0,0,,,,0.12079908,,,0.68837482,0,0,0,0,0,0,0,0,0,0,-0.79248297,-0.28904408,-0.66931707
1936,3,1936q3,-0.55135316,0.075446844,0,0,0,,,,-0.18363938,,,0.44918013,0,0,0,0,0,0,0,0,0,0,-0.44026989,-0.21333753,-1.1941427
1936,4,1936q4,-0.63386917,-0.082516015,0,0,0,,,,0.10710561,,,-0.28409913,0,0,0,0,0,0,0,0,0,0,-0.17283657,-0.22053854,-0.86906374
1937,1,1937q1,-0.50022876,0.13364041,0,0,0,,,,0.27311316,,,0.13025388,0,0,0,0,0,0,0,0,0,0,-0.76088828,-0.31845939,-0.44002908
1937,2,1937q2,-0.37754971,0.12267905,0,0,0,,,,0.888255,,,0.56720793,0,0,0,0,0,0,0,0,0,0,-0.62908536,0.12742311,0.54355073
1937,3,1937q3,-0.44086727,-0.063317567,0,0,0,,,,0.63442457,,,0.22442502,0,0,0,0,0,0,0,0,0,0,-0.97071427,-0.099610545,0.35509735
1937,4,1937q4,-0.58970875,-0.14884147,0,0,0,,,,0.014049127,,,-0.36948097,0,0,0,0,0,0,0,0,0,0,-0.40595195,-0.45476878,-0.61297351
1938,1,1938q1,-0.32477865,0.2649301,0,0,0,,,,-0.13971822,,,-0.34436867,0,0,0,0,0,0,0,0,0,0,-0.32399029,-0.23771468,-0.13266763
1938,2,1938q2,-0.57155401,-0.24677536,0,0,0,,,,0.14454296,,,-0.60993129,0,0,0,0,0,0,0,0,0,0,-0.75212991,-0.21808633,-0.27343878
1938,3,1938q3,-0.57426339,-0.0027093887,0,0,0,,,,-0.37882525,,,-0.19871731,0,0,0,0,0,0,0,0,0,0,-0.088071711,-0.21198894,-0.38074455
1938,4,1938q4,-0.97454673,-0.40028334,0,0,0,,,,-0.52042663,,,0.0021811251,0,0,0,0,0,0,0,0,0,0,-1.2679725,-0.91036737,-1.4074051
1939,1,1939q1,-0.21535912,0.75918758,,0,0,,,,-0.26981714,,,,0,0,0,0,0,0,0,0,0,0,0.036750052,0.15578647,-0.49266157
1939,2,1939q2,-0.2342982,-0.018939078,,0,0,,,,-0.021542257,,,,0,0,0,0,0,0,0,0,0,0,-0.33401293,0.25662231,-0.13768262
1939,3,1939q3,-0.61681074,-0.38251254,,0,1,,,,-0.13123409,,,,0,1,0,0,0,0,0,0,0,0,-1.2074078,-0.58899873,-0.59930909
1939,4,1939q4,-0.78336775,-0.16655701,,0,1,,,,-0.28003278,,,,0,1,0,0,0,0,0,0,0,0,-1.298211,-1.0408945,-0.70852643
1940,1,1940q1,-0.20857058,0.57479715,,0,1,,,,0.043029431,,,,0,1,0,0,0,0,0,0,0,0,-0.67704535,-0.68008673,-0.10427163
1940,2,1940q2,-0.61862993,-0.41005933,,0,1,,,,-0.59874862,,,,0,1,0,0,0,0,0,0,0,0,-1.1631308,-0.98219663,0.30116946
1940,3,1940q3,-0.55447745,0.064152479,,0,1,,,,-1.0624242,,,,0,1,0,0,0,0,0,0,0,0,-1.2341228,-0.82138497,-0.15938032
1940,4,1940q4,-0.35608876,0.1983887,,0,1,,,,-0.57552499,,,,0,1,0,0,0,0,0,0,0,0,-0.2246196,-0.25447723,-0.092932791
1941,1,1941q1,-0.50037086,-0.1442821,,0,1,,,,-0.18590434,,,,0,1,0,0,0,0,0,0,0,0,-0.878573,-0.98764944,0.6376496
1941,2,1941q2,-1.0782226,-0.57785177,,0,1,,,,-0.12284476,,,,0,1,0,0,0,0,0,0,0,0,-1.5256679,-1.4576945,-0.28092939
1941,3,1941q3,-0.66170502,0.41651762,,0,1,,,,-0.7131815,,,,0,1,0,0,0,0,0,0,0,0,-0.84071738,-1.1535258,0.094946891
1941,4,1941q4,-0.21835613,0.44334888,,0,1,,,,-0.47908565,,,,0,1,0,0,0,0,0,0,0,0,-0.88478315,-0.80531031,0.47196802
1942,1,1942q1,-0.82262343,-0.6042673,,0,1,,,,-0.87049502,,,,0,1,0,0,0,0,0,0,0,0,-1.0012252,-1.5580314,-0.16753687
1942,2,1942q2,-0.8453685,-0.022745073,,0,1,,,,0.41613635,,,,0,1,0,0,0,0,0,0,0,0,-1.2952627,-1.42705,-0.090288669
1942,3,1942q3,-1.024008,-0.17863953,,0,1,,,,-0.85928828,,,,0,1,0,0,0,0,0,0,0,0,-1.2482971,-1.6249025,-0.40406498
1942,4,1942q4,-0.54720026,0.47680777,,0,1,,,,0.15469937,,,,0,1,0,0,0,0,0,0,0,0,-1.1271511,-1.0946555,0.010924092
1943,1,1943q1,-0.0002700121,0.54693025,,0,1,,,,-0.5275436,,,,0,1,0,0,0,0,0,0,0,0,-0.037639048,-0.19423418,1.0645483
1943,2,1943q2,-0.056942448,-0.056672435,,0,1,,,,-0.094198972,,,,0,1,0,0,0,0,0,0,0,0,-0.12395386,-0.31714508,0.69413042
1943,3,1943q3,-0.16630171,-0.10935926,,0,1,,,,0.22087099,,,,0,1,0,0,0,0,0,0,0,0,-0.46590641,-0.55113631,0.57214969
1943,4,1943q4,-0.86702925,-0.70072752,,0,1,,,,0.3254078,,,,0,1,0,0,0,0,0,0,0,0,-1.7411679,-0.97614598,-0.92177051
1944,1,1944q1,0.51667511,1.3837044,,0,1,,,,1.2048908,,,,0,1,0,0,0,0,0,0,0,0,0.71342391,0.48560259,1.4551076
1944,2,1944q2,0.52038872,0.0037136078,,0,1,,,,0.48231512,,,,0,1,0,0,0,0,0,0,0,0,0.21214426,0.35628906,1.5380912
1944,3,1944q3,0.17051311,-0.34987563,,0,1,,,,-0.090194501,,,,0,1,0,0,0,0,0,0,0,0,-0.18707679,0.081926756,0.64344686
1944,4,1944q4,-0.15380707,-0.3243202,,0,1,,,,-0.0035356963,,,,0,1,0,0,0,0,0,0,0,0,-0.91292053,-0.337899,-0.35772043
1945,1,1945q1,0.29015121,0.44395828,,0,1,,,,0.21690179,,,,0,1,0,0,0,0,0,0,0,0,0.1234429,0.036986496,0.69841838
1945,2,1945q2,0.33620274,0.046051532,,0,1,,,,0.010564955,,,,0,1,0,0,0,0,0,0,0,0,0.28490421,0.17488219,0.32945159
1945,3,1945q3,1.0316343,0.69543159,,1,0,0,-0.39829323,2.170763,-0.055084005,,,,0,0,0,0,0,0,0,0,0,0,0.65951937,1.5413812,2.4786327
1945,4,1945q4,0.30977041,-0.72186393,,0,0,0,-0.81551981,1.0912755,0.92167825,,,,0,0,0,0,0,0,0,0,0,0,-0.44032526,0.1130207,0.76378012
1946,1,1946q1,-0.059956796,-0.36972719,,0,0,0,-1.0431004,0.49060068,0.23395211,,,,0,0,0,0,0,0,0,0,0,0,-0.41279879,-0.2977756,0.82409137
1946,2,1946q2,0.46726424,0.52722102,,0,0,0,-0.5613879,1.098421,0.24680923,,,,0,0,0,0,0,0,0,0,0,0,0.86152858,0.68037182,1.3859235
1946,3,1946q3,0.070386924,-0.39687732,,0,0,0,-0.8265627,0.45165285,0.15036343,,,,0,0,0,0,0,0,0,0,0,0,0.28578106,0.070405364,0.6127224
1946,4,1946q4,-0.13106486,-0.20145178,,0,0,0,-1.0950959,0.35319689,0.083713144,,,,0,0,0,0,0,0,0,0,0,0,-0.1047628,-0.42345428,-0.14659737
1947,1,1947q1,-0.021655831,0.10940903,,0,0,0,-0.80760258,0.26836237,0.35798475,,,,0,0,0,0,0,0,0,0,0,0,0.044376392,-0.45545092,0.48703989
1947,2,1947q2,-0.16985682,-0.14820099,,0,0,0,-0.99030554,0.23235895,0.30327132,,,,0,0,0,0,0,0,0,0,0,0,-0.66156828,-0.39295328,0.77462655
1947,3,1947q3,-0.39797795,-0.22812113,,0,0,0,-1.1285669,-0.15991229,0.3150034,,,,0,0,0,0,0,0,0,0,0,0,-0.33851635,-0.59285921,0.46320289
1947,4,1947q4,-0.84245265,-0.4444747,,0,0,0,-1.5222842,-0.56406224,0.075750843,,,,0,0,0,0,0,0,0,0,0,0,-1.2399979,-1.1318398,-0.28494522
1948,1,1948q1,0.26280338,1.1052561,,0,0,0,-0.70012993,0.87773329,0.2594499,,,,0,0,0,0,0,0,0,0,0,0,0.16429798,-0.094890945,0.58193475
1948,2,1948q2,-0.62161231,-0.88441569,,0,0,0,-1.2673309,-0.50172102,0.63137543,,,,0,0,0,0,0,0,0,0,0,0,-1.2679368,-0.93074864,-0.24279578
1948,3,1948q3,-0.82266271,-0.2010504,,0,0,0,-1.2642668,-0.98820335,-0.60665226,,,,0,0,0,0,0,0,0,0,0,0,-1.0925566,-1.3107831,-1.1738243
1948,4,1948q4,-0.14831594,0.6743468,,0,0,0,-0.99643338,0.24035138,-0.66874027,,,,0,0,0,0,0,0,0,0,0,0,-0.22725059,-0.62886339,0.3921527
1949,1,1949q1,0.081000715,0.22931665,,0,0,0,-0.91540563,0.68915468,-0.42105216,,,,0,0,0,0,0,0,0,0,0,0,-0.1407996,-0.21284793,0.56083035
1949,2,1949q2,-0.21571769,-0.29671842,,0,0,0,-1.0719196,0.24557221,0.35688463,,,,0,0,0,0,0,0,0,0,0,0,-0.15678734,-0.43871179,0.7408393
1949,3,1949q3,-0.9212184,-0.70550072,,0,0,0,-1.7472472,-0.47365376,0.35798475,,,,0,0,0,0,0,0,0,0,0,0,-0.80906975,-1.4883364,-0.46532035
1949,4,1949q4,-0.53740549,0.3838129,,0,0,0,-1.5203784,-0.030213926,-0.5641771,,,,0,0,0,0,0,0,0,0,0,0,-0.63145709,-0.50585407,0.45985746
1950,1,1950q1,0.1128697,0.65027517,,1,0,0,-0.82500529,0.65758777,-0.30353919,,,,0,0,0,0,0,0,0,0,0,0,0.32530278,-0.25742012,0.57909453
1950,2,1950q2,-0.049532749,-0.16240245,,0,1,0,-0.78798616,0.20750946,-0.24732782,,,,0,0,0,1,0,0,0,0,0,0,-0.19796076,-0.27323329,0.90007895
1950,3,1950q3,-0.29001096,-0.24047822,,0,1,0,-1.2017361,0.20352565,0.056289602,,,,0,0,0,1,0,0,0,0,0,0,-0.1715115,-0.60293931,0.31217736
1950,4,1950q4,-0.025296817,0.26471415,,0,1,0,-1.0721943,0.54038149,-0.15916546,,,,0,0,0,1,0,0,0,0,0,0,0.27072912,-0.23052269,0.44363111
1951,1,1951q1,-0.19182467,-0.16652785,,0,1,0,-1.1551325,0.41036519,0.21023948,,,,0,0,0,1,0,0,0,0,0,0,-0.7681514,-0.73517352,0.22997341
1951,2,1951q2,-0.70522058,-0.51339591,,0,1,0,-1.6300087,-0.15089257,0.33226481,,,,0,0,0,1,0,0,0,0,0,0,-1.0782889,-0.91862208,-0.15751982
1951,3,1951q3,-0.85868043,-0.15345985,,0,1,0,-1.5535829,-0.6938023,-0.46579614,,,,0,0,0,1,0,0,0,0,0,0,-0.50661701,-0.99926889,0.23773268
1951,4,1951q4,-0.15983175,0.69884866,,1,1,1,-0.75179893,0.11159553,-0.40874308,,,,0,0,0,1,0,0,0,0,0,0,0.19525279,-0.3103306,0.12173963
1952,1,1952q1,-0.35249421,-0.19266246,,0,1,1,-0.86499727,-0.25170106,0.034621306,,,,0,0,0,1,0,0,0,0,0,0,0.34511444,-0.56824553,0.055060398
1952,2,1952q2,-0.55507803,-0.20258382,,0,1,1,-1.1070092,-0.32679334,0.04968879,,,,0,0,0,1,0,0,0,0,0,0,-1.1556851,-0.74323815,-0.10910045
1952,3,1952q3,-0.18963513,0.3654429,,0,1,1,-0.82220304,0.1093156,0.18575348,,,,0,0,0,1,0,0,0,0,0,0,0.47673038,-0.15327188,0.62301296
1952,4,1952q4,-0.2337117,-0.044076577,,0,1,1,-0.78493488,-0.035980318,-0.13971822,,,,0,0,0,1,0,0,0,0,0,0,-0.24312064,-0.39504299,-0.15052509
1953,1,1953q1,-0.12972362,0.10398808,,0,1,1,-0.8061173,0.11294039,0.093157768,,,,0,0,0,1,0,0,0,0,0,0,0.117565,-0.35715163,0.62768412
1953,2,1953q2,-0.26041797,-0.13069434,,0,1,1,-1.0222226,0.18116271,-0.70408034,,,,0,0,0,1,0,0,0,0,0,0,-0.33447415,-0.22628181,0.39412454
1953,3,1953q3,-0.071382858,0.18903512,,0,1,1,-0.73532009,0.15496561,-0.5909273,,,,0,0,0,1,0,0,0,0,0,0,0.11971729,-0.088760361,0.33757523
1953,4,1953q4,-0.43776971,-0.36638686,,0,0,1,-0.88542014,-0.46729705,0.86623478,,,,0,0,0,0,0,0,0,0,0,0,0.064108223,-0.2974982,-0.0065230117
1954,1,1954q1,-0.22553188,0.21223783,,0,0,1,-0.64182717,-0.15113756,0.020969339,,,,0,0,0,0,0,0,0,0,0,0,-0.13307254,-0.43383631,0.060399666
1954,2,1954q2,0.058851633,0.28438351,,0,0,1,-0.7694065,0.50945711,-0.375898,,,,0,0,0,0,0,0,0,0,0,0,-0.12495685,0.032561574,0.52285719
1954,3,1954q3,0.31188452,0.25303289,,0,0,1,-0.24556418,0.44526196,-0.33884728,,,,0,0,0,0,0,0,0,0,0,0,0.59704572,0.3142204,0.54228175
1954,4,1954q4,0.053275455,-0.25860906,,0,0,1,-0.21672095,-0.063304052,0.94618094,,,,0,0,0,0,0,0,0,0,0,0,0.44740301,-0.12709528,-0.017738834
1955,1,1955q1,-0.25048554,-0.30376101,,0,0,1,-0.59447414,-0.41120395,-0.062745683,-1.1520337,,,0,0,0,0,0,0,0,0,0,0,-0.3243137,-0.971376,0.10135221
1955,2,1955q2,-0.022897268,0.22758827,0,1,0,1,-0.29273009,-0.25072744,1.3071946,-1.187798,-1.14433,-0.27844888,0,0,0,0,0,0,0,0,0,0,0.23932776,0.11322551,0.50316918
1955,3,1955q3,0.44085142,0.46374869,0,0,0,1,0.24701703,0.21120274,-0.066606037,-1.187798,-1.0615081,0.93635881,0,0,0,0,0,0,0,0,0,0,1.0292732,0.3290028,1.05065
1955,4,1955q4,-0.75092667,-1.1917781,0,0,0,1,-0.96373242,-0.96442115,0.24297516,-1.2235622,-0.77990407,-0.69091845,0,0,0,0,0,0,0,0,0,0,-0.64536428,-1.1145995,-0.5762912
1956,1,1956q1,-0.5981968,0.15272987,0,0,0,1,-0.88348073,-0.79723001,0.32770044,-1.187798,-1.3225874,0.33240792,0,0,0,0,0,0,0,0,0,0,-0.31381795,-0.92155039,-0.69075698
1956,2,1956q2,-0.39207992,0.20611688,1,0,0,1,-0.89886504,-0.4173215,0.061202407,-1.187798,-0.82673156,-0.48562539,0,0,0,0,0,0,0,0,0,0,-0.67464501,-0.54965746,0.58857429
1956,3,1956q3,-0.26538152,0.1266984,1,0,0,1,-0.7412315,-0.22478698,0.34579378,-1.1520337,-1.6049261,-0.42284462,0,0,0,0,0,0,0,0,0,0,-0.11100276,-0.68595159,-0.12930545
1956,4,1956q4,-1.041737,-0.77635545,0,0,0,1,-1.0013906,-1.5521362,-0.27235806,-1.1520337,-1.1678636,-0.078806058,0,0,0,0,0,0,0,0,0,0,-1.6269741,-1.297766,-1.0355123
1957,1,1957q1,-0.64120269,0.40053427,0,0,0,1,-0.91303033,-0.99101144,1.7215861,-1.0447409,-1.0097476,0.8748337,0,0,0,0,0,0,0,0,0,0,-0.81119418,-0.96108717,-0.35492903
1957,2,1957q2,0.21142457,0.85262728,0,0,0,1,-0.36351109,0.22834192,1.4057063,-1.0447409,-1.1813022,-0.34060183,0,0,0,0,0,0,0,0,0,0,0.2681255,-0.087125011,1.0229729
1957,3,1957q3,-0.16574147,-0.37716603,0,0,0,1,-0.66622776,-0.12059291,0.78239369,-1.0805051,-0.96563083,-0.76123291,0,0,0,0,0,0,0,0,0,0,-0.23945716,-0.25902081,0.59105629
1957,4,1957q4,0.095942728,0.26168421,0,0,0,1,-0.28057998,0.024556497,-0.38176396,-1.0805051,-1.0126153,-0.23010768,0,0,0,0,0,0,0,0,0,0,0.72011554,0.012744137,0.26138383
1958,1,1958q1,0.059883256,-0.036059473,0,0,0,1,-0.3232837,-0.14034727,-0.028867561,-0.97321236,-1.202708,0.94640374,0,0,0,0,0,0,0,0,0,0,0.54400718,-0.012614804,0.0042616306
1958,2,1958q2,-0.3149024,-0.37478566,0,0,0,1,-0.83213836,-0.28098229,1.3382177,-0.86591959,-0.73273391,-1.7914652,0,0,0,0,0,0,0,0,0,0,-0.52090693,-0.37623346,-0.14843665
1958,3,1958q3,-0.093851827,0.22105056,0,0,0,1,-0.53760529,-0.25385574,-0.32780534,-0.75862676,-1.5062999,1.033669,0,0,0,0,0,0,0,0,0,0,0.19251041,0.18994541,0.56352341
1958,4,1958q4,-0.37842274,-0.2845709,0,0,0,1,-0.58025837,-0.77462256,-0.36143056,-0.79439104,-0.7176016,-0.3067002,0,0,0,0,0,0,0,0,0,0,-0.27303076,-0.66764098,-0.344284
1959,1,1959q1,0.027830418,0.40625316,0,0,0,1,-0.45372233,-0.10493288,-0.078307636,-0.79439104,-1.0027416,-0.014141873,0,0,0,0,0,0,0,0,0,0,0.67108351,-0.19685335,-0.2352532
1959,2,1959q2,0.15868902,0.1308586,0,0,0,1,-0.34477186,0.13491869,0.86735123,-0.79439104,-1.4675841,0.66702938,0,0,0,0,0,0,0,0,0,0,-0.23128234,0.083786972,0.057443466
1959,3,1959q3,-0.14443792,-0.30312693,0,0,0,1,-0.58379644,-0.30395252,1.5064771,-0.83015531,-1.2838804,0.98156095,0,0,0,0,0,0,0,0,0,0,0.089344673,-0.30797029,0.15382092
1959,4,1959q4,0.35973698,0.50417489,0,1,0,1,-0.11809152,0.31931651,-0.062745683,-0.90168387,-0.99787837,1.2546573,0,0,0,0,0,0,0,0,0,0,1.0447241,0.30560353,0.5107128
1960,1,1960q1,0.5590803,0.19934332,0,0,0,1,0.068598025,0.52322203,0.3557829,-0.97321236,-1.2931952,1.1887375,0,0,0,0,0,0,0,0,0,0,1.5830029,0.25931039,0.95187712
1960,2,1960q2,-0.12334576,-0.6824261,0,0,0,1,-0.58069819,-0.25007156,0.60731554,-1.0089766,-1.1374221,-0.84787035,0,0,0,0,0,0,0,0,0,0,-0.11005219,-0.0005473043,0.29644322
1960,3,1960q3,-0.21739577,-0.094050005,0,0,0,1,-0.35448045,-0.62038016,0.28894648,-1.0089766,-1.3082932,0.63877803,0,0,0,0,0,0,0,0,0,0,0.056473818,-0.095794506,0.1109902
1960,4,1960q4,-0.075937897,0.14145787,0,0,0,1,-0.44205359,-0.22160324,0.44605416,-1.0447409,-1.0239357,0.027921237,0,0,0,0,0,0,0,0,0,0,0.28728655,-0.19711548,0.42052609
1961,1,1961q1,-0.071300611,0.0046372861,0,0,0,1,-0.22755155,-0.35824206,0.69153327,-1.0805051,-1.2367126,0.66640157,0,0,0,0,0,0,0,0,0,0,0.52197087,-0.16102184,0.33497727
1961,2,1961q2,-0.1525913,-0.081290692,0,0,0,1,-0.60078269,-0.14921142,0.54997182,-1.0805051,-1.0159942,-0.10580178,0,0,0,0,0,0,0,0,0,0,-0.22865866,-0.13104953,0.27541399
1961,3,1961q3,-0.44555151,-0.29296023,1,0,0,1,-0.68319154,-0.7687704,0.097835898,-1.0447409,-0.97874618,-0.67647886,0,0,0,0,0,0,0,0,0,0,0.17236003,-0.5709995,-0.11525989
1961,4,1961q4,-0.79098576,-0.34543425,1,0,0,1,-1.0398442,-1.0454421,0.28046235,-1.0089766,-0.97809184,-0.46679115,0,0,0,0,0,0,0,0,0,0,-0.28398392,-0.68133307,-0.96221983
1962,1,1962q1,-0.18868835,0.60229743,0,0,0,1,-0.45509961,-0.46411759,1.6987107,-1.0089766,-1.0082248,-0.051810328,0,0,0,0,0,0,0,0,0,0,0.20706774,-0.37718707,0.32062644
1962,2,1962q2,0.055349842,0.24403819,0,0,0,1,-0.38313746,-0.10079575,0.21157669,-0.90168387,-0.56370002,0.240748,0,0,0,0,0,0,0,0,0,0,0.7055434,0.34857625,0.58608502
1962,3,1962q3,-0.060451534,-0.11580138,0,0,0,1,-0.16184561,-0.57951242,-0.15046,-0.83015531,-1.3432165,0.026665621,0,0,0,0,0,0,0,0,0,0,0.58706534,-0.045508105,-0.073040806
1962,4,1962q4,0.1896352,0.25008672,0,0,0,1,-0.0098989084,-0.18698913,0.492493,-0.79439104,-1.1503981,-0.60679221,0,0,0,0,0,0,0,0,0,0,1.0394982,0.1644669,0.5335148
1963,1,1963q1,0.16327363,-0.02636157,0,0,0,1,-0.053761613,-0.33654106,-0.52397668,-0.68709826,-0.58202851,-0.010375027,0,0,0,0,0,0,0,0,0,0,0.4947989,-0.069287464,-0.04715151
1963,2,1963q2,0.39314047,0.22986683,0,0,0,1,-0.017355781,0.13253853,-0.001758565,-0.72286248,-0.90635574,2.3382533,0,0,0,0,0,0,0,0,0,0,0.79717231,0.41126424,0.91512698
1963,3,1963q3,0.048150204,-0.34499025,0,0,0,1,-0.15948309,-0.38663852,0.29971567,-0.79439104,-1.3703066,-0.058088403,0,0,0,0,0,0,0,0,0,0,0.83097577,-0.48218188,0.24313682
1963,4,1963q4,0.63189906,0.58374888,0,0,0,1,0.18411998,0.39951473,0.1086395,-0.86591959,-0.9622708,1.0933107,0,0,0,0,0,0,0,0,0,0,1.8300138,0.45739964,1.2617229
1964,1,1964q1,0.66110575,0.029206693,0,0,0,1,0.12733217,0.66947526,0.41613635,-0.93744808,-0.98792797,0.0059479708,0,0,0,0,0,0,0,0,0,0,1.329015,0.33856243,0.90904123
1964,2,1964q2,-0.1566568,-0.81776255,0,0,0,1,-0.74670589,-0.17580485,0.31383842,-0.97321236,-0.71166027,0.7467609,0,0,0,0,0,0,0,0,0,0,0.096025161,-0.50570303,0.52676719
1964,3,1964q3,0.26655608,0.42321289,0,0,0,1,-0.10339256,0.054837629,0.13572676,-0.97321236,-1.0699701,-0.11961355,0,0,0,0,0,0,0,0,0,0,1.3736868,0.17146286,0.70194465
1964,4,1964q4,0.23427691,-0.032279179,0,1,0,0,-0.90008152,1.0647004,-0.066606037,-1.0447409,-1.0859405,0.61806035,0,0,0,0,0,0,0,0,0,0,0.67616856,0.17622189,0.69171709
1965,1,1965q1,0.63900667,0.40472978,0,0,0,0,-0.6004312,1.6585072,0.5775516,-1.0805051,-1.1112059,-0.52831632,0,0,0,0,0,0,0,0,0,0,1.45662,0.35001272,1.5027878
1965,2,1965q2,-0.096799955,-0.73580664,0,0,0,0,-0.8603,0.39945513,0.71170521,-1.0805051,-0.59722692,-0.30042213,0,0,0,0,0,0,0,0,0,0,-0.40315041,0.20785257,1.0408963
1965,3,1965q3,0.037008993,0.13380894,0,0,0,0,-0.82211518,0.54238141,0.12530863,-1.0447409,-1.233948,0.17796725,0,0,0,0,0,0,0,0,0,0,0.0086142747,0.21712281,0.42017952
1965,4,1965q4,-0.061314952,-0.098323941,0,0,0,0,-1.1100767,0.62152576,-0.017906234,-1.0805051,-1.210603,0.037966158,0,0,0,0,0,0,0,0,0,0,0.35732245,-0.45216069,-0.035645131
1966,1,1966q1,0.21790491,0.27921987,0,1,0,0,-0.81912363,0.85805953,0.10248506,-1.1162695,-1.2158865,-0.26087025,0,0,0,0,0,0,0,0,0,0,1.1913549,-0.096694782,0.59158933
1966,2,1966q2,0.1083229,-0.10958201,0,0,0,0,-0.70878196,0.52941543,0.84239662,-1.1162695,-0.80551696,-0.0022135281,0,0,0,0,0,0,0,0,0,0,-0.047740154,-0.0237207,0.59885174
1966,3,1966q3,-0.24057896,-0.34890187,0,0,0,0,-0.8024655,-0.089497544,-0.375898,-1.0447409,-1.2875246,-0.12651943,0,0,0,0,0,0,0,0,0,0,-0.61357653,-0.56142908,0.089790195
1966,4,1966q4,-0.24681988,-0.0062409192,0,0,0,0,-1.0330197,0.015841996,-0.13334616,-0.90168387,-0.99882317,-0.61934841,0,0,0,0,0,0,0,0,0,0,0.32641098,-0.61301696,0.26180303
1967,1,1967q1,0.33006659,0.57688648,0,0,0,0,-0.44759333,0.71135807,0.059568372,-0.79439104,-0.98597693,0.50882185,0,0,0,0,0,0,0,0,0,0,0.8510673,-0.12721899,0.76895899
1967,2,1967q2,-0.20293483,-0.53300142,0,0,0,0,-0.91362113,0.082478933,0.26817343,-0.75862676,-0.83307803,0.51196086,0,0,0,0,0,0,0,0,0,0,-0.35519788,-0.50657284,-0.23146954
1967,3,1967q3,-0.5497179,-0.34678307,0,0,0,0,-1.215765,-0.42950556,0.3601802,-0.72286248,-1.2691957,-0.068761133,0,0,0,0,0,0,0,0,0,0,-0.12082853,-0.69597346,-0.67414665
1967,4,1967q4,-0.34181064,0.20790726,0,0,0,0,-1.2491724,0.10701286,0.67080444,-0.72286248,-0.68230683,-0.027325831,0,0,0,0,0,0,0,0,0,0,0.6933347,-0.53041404,-0.4803552
1968,1,1968q1,-0.40203422,-0.060223579,0,0,0,0,-1.0232868,-0.37153715,0.39131302,-0.72286248,-0.62389266,1.9352007,0,0,0,0,0,0,0,0,0,0,0.50643802,-0.51881856,-0.42556846
1968,2,1968q2,-0.038417142,0.36361709,0,0,0,0,-0.8926779,0.35399643,1.3000184,-0.68709826,-0.28740698,-0.59674734,0,0,0,0,0,0,0,0,0,0,0.46668711,-0.25336444,0.37956893
1968,3,1968q3,-0.44687149,-0.40845436,0,0,0,0,-1.3280851,-0.0050957832,0.47576573,-0.72286248,-0.91968381,0.90496844,0,0,0,0,0,0,0,0,0,0,0.028226914,-0.72127622,-0.50951278
1968,4,1968q4,-0.27415287,0.17271861,0,0,0,0,-1.0220094,-0.1629298,0.45865729,-0.72286248,-0.69511992,-0.080061667,0,0,0,0,0,0,0,0,0,0,0.37560219,-0.49309447,-0.22613913
1969,1,1969q1,0.071889259,0.34604213,0,0,0,0,-0.78885853,0.37744522,0.97379196,-0.72286248,-0.42558053,-0.51073766,0,0,0,0,0,0,0,0,0,0,0.85581475,-0.33544615,0.0025013869
1969,2,1969q2,-0.28431764,-0.35620689,0,0,0,0,-0.98872215,-0.12238088,0.72732699,-0.72286248,-0.57298988,0.095096648,0,0,0,0,0,0,0,0,0,0,0.38411993,-0.43139097,-0.020778373
1969,3,1969q3,-0.33277139,-0.048453748,0,0,1,0,-1.1165013,-0.19685863,0.89527476,-0.72286248,-1.0190896,0.017876314,0,0,0,0,0,0,0,1,1,0,0.29928467,-0.33036,-0.04608522
1969,4,1969q4,-0.44239727,-0.10962588,0,0,0,0,-1.1302633,-0.3030563,1.412214,-0.72286248,-0.66178125,-0.028581446,0,0,0,0,0,0,0,1,0,0,-0.036477704,-0.96850383,-0.823479
1970,1,1970q1,0.21926153,0.66165876,0,0,0,0,-0.7220881,0.60766721,1.2365941,-0.68709826,-0.43328035,-0.78634518,0,0,0,0,0,0,0,1,0,0,1.3710517,-0.30742207,0.21827829
1970,2,1970q2,-0.43240124,-0.65166277,0,1,0,1,-1.0651004,-0.41828075,1.4175946,-0.68709826,-0.2579731,1.1447909,0,0,0,0,0,0,0,1,0,0,0.068915151,-0.77618444,-0.14041634
1970,3,1970q3,0.5944559,1.0268571,0,0,0,1,-0.087474167,0.65965176,1.3040829,-0.65133399,-0.65282041,0.27213839,0,0,0,0,0,0,0,1,0,0,1.7362545,0.38042453,0.22120506
1970,4,1970q4,0.11009404,-0.48436186,0,0,0,1,-0.38654035,-0.13501462,1.5995291,-0.65133399,-0.32936913,0.22630844,0,0,0,0,0,0,0,1,0,0,0.67639762,-0.13375962,0.304196
1971,1,1971q1,-0.6448161,-0.75491011,0,0,0,1,-0.90343368,-1.021655,2.3343668,-0.83015531,-0.29055738,-0.74993235,0,0,0,0,0,0,0,1,0,0,-0.070147887,-0.5799638,-0.19642423
1971,2,1971q2,-0.39213192,0.25268418,0,0,0,1,-0.6256181,-1.0115399,0.93300796,-0.72286248,0.074796513,0.74801654,0,0,0,0,0,0,0,1,0,0,0.56413192,-0.21815193,-0.73278368
1971,3,1971q3,-0.51236868,-0.12023675,0,0,0,1,-0.42398706,-1.338406,0.83077353,-0.68709826,-0.59375167,0.76371175,0,0,0,0,0,0,0,1,0,0,0.36573526,-0.47687507,-1.3762355
1971,4,1971q4,-0.10797611,0.40439257,0,0,0,1,-0.22228585,-0.8055703,0.84354913,-0.57980543,-0.55861461,-0.11898574,0,0,0,0,0,0,0,1,0,0,0.95791072,-0.2792365,-0.74307305
1972,1,1972q1,-0.31112477,-0.20314866,0,0,0,1,-0.56192607,-0.76254922,2.5419817,-0.54404116,-0.42702386,-0.3142339,0,0,0,0,0,0,0,1,0,0,0.35470775,-0.50551391,-1.1190846
1972,2,1972q2,-0.21415879,0.096965984,0,0,0,1,-0.48723716,-0.67741567,1.467124,-0.57980543,-0.34054866,1.314299,0,0,0,0,0,0,0,1,0,0,0.026330631,-0.64038265,-0.084947765
1972,3,1972q3,-0.13585371,0.078305081,0,0,1,1,-0.44432822,-0.67875594,2.087182,-0.65133399,-0.47329959,-0.20311196,0,0,0,0,0,0,0,1,0,1,0.41882548,-0.44071934,-0.23640095
1972,4,1972q4,-0.34384629,-0.20799258,0,0,0,1,-0.54147792,-0.95425195,0.97909826,-0.68709826,-0.26630366,0.63940585,0,0,0,0,0,0,0,0,0,0,0.24454869,-0.73866946,-0.78720725
1973,1,1973q1,-0.20563893,0.13820736,0,0,0,1,-0.46247771,-0.86831117,1.2551259,-0.83015531,-0.60002017,2.7971804,0,0,0,0,0,0,0,0,0,0,0.83566135,-0.66623175,-0.19200172
1973,2,1973q2,-0.17716126,0.028477669,0,0,0,1,-0.43399689,-0.70632142,1.127362,-0.86591959,-0.17309864,-0.26212588,0,0,0,0,0,0,0,0,0,0,0.34185013,-0.74284929,-0.6330359
1973,3,1973q3,-0.34054387,-0.1633826,1,0,0,1,-0.69492096,-0.86274624,0.87124592,-0.93744808,-0.78520757,-0.98975486,0,0,0,0,0,0,0,0,0,0,-0.13921644,-0.81762183,-0.88723254
1973,4,1973q4,-0.57000828,-0.22946441,1,0,0,1,-0.66818041,-1.3556464,1.0364561,-1.0089766,-0.20756049,-0.62060398,0,0,0,0,0,0,0,0,0,0,0.10678216,-1.0930097,-1.1787525
1974,1,1974q1,-0.18529168,0.3847166,1,1,0,0,-2.1647029,1.3582515,2.0489755,-0.93744808,0.063574366,-2.0645614,0,0,0,0,0,0,0,0,0,0,1.0939639,-0.31513855,-0.25603205
1974,2,1974q2,-0.71982187,-0.53453016,0,0,0,0,-1.4900237,-0.43285143,1.2892829,-0.93744808,0.6735605,0.54711813,0,0,0,0,0,0,0,0,0,0,0.024276217,-0.86664659,-1.6321779
1974,3,1974q3,-0.9584316,-0.23860973,0,0,0,0,-1.5019935,-0.92730123,1.1714177,-0.86591959,-0.40573394,0.039849579,0,0,0,0,0,0,0,0,0,0,-0.56575668,-1.1501244,-2.0617924
1974,4,1974q4,-0.91616517,0.042266428,0,1,0,0,-1.4536492,-1.034416,1.6620679,-0.86591959,0.25848508,-1.3005196,0,0,0,0,0,0,0,0,0,0,-0.094298117,-1.1901082,-1.5271776
1975,1,1975q1,-0.25522342,0.66094172,0,0,0,0,-0.99085885,-0.078412734,0.91699362,-0.79439104,0.81812823,-0.31235048,0,0,0,0,0,0,0,0,0,0,0.074535213,-0.35651511,-0.61847293
1975,2,1975q2,-0.83846468,-0.58324122,1,0,0,0,-1.2768475,-1.0855548,1.3222579,-0.61556971,2.0907578,-1.4292202,0,0,0,0,0,0,0,0,0,0,-0.23570649,-1.058962,-1.6484162
1975,3,1975q3,-0.50566399,0.33280069,1,0,0,0,-0.93419373,-0.65198678,0.89688545,-0.47251263,0.57907552,-0.55845106,0,0,0,0,0,0,0,0,0,0,0.11843238,-0.36986068,-0.92389321
1975,4,1975q4,-0.70466465,-0.19900066,0,0,0,0,-1.1888345,-0.82682353,0.38391554,-0.32945558,0.39938316,0.40900046,0,0,0,0,0,0,0,0,0,0,0.33983529,-1.0624663,-1.8568716
1976,1,1976q1,-0.58229202,0.12237263,0,0,0,0,-1.2050583,-0.58054167,0.5379582,-0.22216277,0.53973281,0.6852358,0,0,0,0,0,0,0,0,0,0,0.18717994,-0.61579216,-1.169426
1976,2,1976q2,-0.56244403,0.019847989,0,0,0,0,-1.2020986,-0.45251811,0.39967898,-0.18639851,0.60063016,-0.48248634,0,0,0,0,0,0,0,0,0,0,0.13379095,-0.66953039,-1.3295227
1976,3,1976q3,-1.0779694,-0.5155254,0,0,0,0,-1.430055,-1.2652569,0.58571297,-0.15063424,0.19023171,0.45169136,0,0,0,0,0,0,0,0,0,0,-0.70077062,-1.3384564,-2.0970843
1976,4,1976q4,-0.77085632,0.30711311,0,0,0,0,-1.2554713,-0.79786253,0.4470312,-0.15063424,0.94327033,1.0236241,0,0,0,0,0,0,0,0,0,0,-0.21292333,-1.0228418,-1.667383
1977,1,1977q1,-0.58863938,0.18221694,0,0,0,0,-1.2357146,-0.44580716,1.2554586,-0.15063424,1.0807011,-0.31988418,0,0,0,0,0,0,0,0,0,0,-0.035846677,-0.80823779,-1.2098178
1977,2,1977q2,-0.25346518,0.3351742,0,0,0,0,-0.77653909,-0.2660518,1.0901562,-0.11486997,0.91746968,-0.74114305,0,0,0,0,0,0,0,0,0,0,0.3861675,-0.53607529,-0.60782772
1977,3,1977q3,-1.0531212,-0.79965603,0,0,0,0,-1.6059066,-1.0429119,1.315225,-0.079105705,0.029111948,0.078145847,0,0,0,0,0,0,0,0,0,0,-1.049931,-1.2411613,-1.9113717
1977,4,1977q4,-0.3391352,0.71398604,0,0,0,0,-0.90558147,-0.35157746,1.6122538,-0.043341443,0.013419836,0.71599835,0,0,0,0,0,0,0,0,0,0,0.60496557,-0.56118971,-0.69165003
1978,1,1978q1,-0.66139662,-0.32226142,0,0,0,0,-1.2449801,-0.69471562,1.0788778,-0.11486997,0.039252542,0.13025388,0,0,0,0,0,0,0,0,0,0,0.23483917,-0.9755919,-1.4635911
1978,2,1978q2,-0.098567791,0.56282884,0,0,0,0,-0.78175896,0.039561585,0.98484451,-0.11486997,0.36187783,0.42469564,0,0,0,0,0,0,0,0,0,0,0.39132684,-0.39398479,-0.71788633
1978,3,1978q3,-0.47350371,-0.37493593,0,0,0,0,-1.0972785,-0.41587856,1.0553654,-0.11486997,0.037802469,0.46801436,0,0,0,0,0,0,0,0,0,0,0.074172854,-0.80433279,-1.0760174
1978,4,1978q4,-0.45517346,0.018330246,0,0,0,0,-1.1152054,-0.374962,1.742395,-0.18639851,-0.031820253,0.26334909,0,0,0,0,0,0,0,0,0,0,0.60565871,-0.88298523,-1.2696203
1979,1,1979q1,-0.64109176,-0.1859183,0,0,0,0,-1.1761137,-0.854828,2.0751081,-0.18639851,0.42130351,-0.66203928,0,0,0,0,0,0,0,0,0,0,0.31311461,-0.95530182,-1.3378085
1979,2,1979q2,0.69677079,1.3378625,0,1,0,1,0.11530983,0.40899289,1.1514344,-0.22216277,0.57178861,2.4016616,0,0,0,0,0,0,0,0,0,0,1.8181649,1.0179143,0.57684761
1979,3,1979q3,-0.71338362,-1.4101543,0,0,0,1,-0.82798696,-1.4167259,2.7482529,-0.25792703,1.5278832,-1.6872491,0,0,0,0,0,0,0,0,0,0,-0.3325707,-0.72571105,-1.2851206
1979,4,1979q4,-0.23573561,0.47764802,0,0,0,1,-0.33839267,-1.0916419,1.7401305,-0.25792703,0.25902241,0.30101755,0,0,0,0,0,0,0,0,0,0,0.6291489,-0.13835582,-0.51106852
1980,1,1980q1,-0.46344388,-0.22770827,1,0,0,1,-0.66124737,-1.2179888,2.3179011,-0.18639851,0.93493158,-1.0462575,0,0,0,0,0,0,0,0,0,0,0.53411001,-0.70283073,-1.0325022
1980,2,1980q2,-0.59432966,-0.13088578,1,0,0,1,-0.56979305,-1.658847,1.0618513,-0.043341443,1.4363577,-1.5805218,0,0,0,0,0,0,0,0,0,0,-0.013495084,-0.91515839,-1.6185871
1980,3,1980q3,-0.44326934,0.15106031,1,0,0,1,-0.29073974,-1.5995957,0.1177776,0.20700842,0.46394721,-0.50571519,0,0,0,0,0,0,0,0,0,0,0.0006523872,-0.51196396,-1.8296758
1980,4,1980q4,-0.86632353,-0.42305419,1,0,0,1,-0.61412293,-2.3521364,0.015785169,0.56465107,0.68823951,-0.99352169,0,0,0,0,0,0,0,0,0,0,-0.36991018,-1.2356162,-2.2028856
1981,1,1981q1,-0.35936549,0.50695801,1,0,0,1,-0.32492042,-1.5814477,0.87952423,0.85076523,1.1176122,-0.52517724,0,0,0,0,0,0,0,0,0,0,0.2645613,-0.78195655,-1.0463713
1981,2,1981q2,-0.71356994,-0.35420445,0,0,1,1,-0.64890867,-1.8080399,0.85893685,1.1011151,2.1747305,-0.18302211,0,0,0,0,1,0,0,0,0,0,-0.17935202,-0.92320228,-2.0431483
1981,3,1981q3,-0.27558041,0.43798953,0,0,0,1,-0.27724761,-1.257988,0.21690179,1.2799364,1.3009884,0.37509882,0,0,0,0,0,0,0,0,0,0,-0.29209286,-0.54572821,-2.1640472
1981,4,1981q4,-0.27449533,0.0010850728,0,0,0,1,-0.2229186,-1.6239303,0.64574963,1.3872292,1.6551701,-0.28221571,0,0,0,0,0,0,0,0,0,0,0.089268588,-0.84546489,-1.9854592
1982,1,1982q1,-0.27790317,-0.003407836,0,0,0,1,-0.30857161,-1.5251842,1.1324738,1.494522,1.4849808,-0.26275367,0,0,0,0,0,0,0,0,0,0,0.62251431,-0.49280035,-1.4738984
1982,2,1982q2,-0.29052293,-0.012619764,0,0,0,1,-0.62042332,-1.078567,0.78426528,1.5660505,2.0519476,0.41402289,0,0,0,0,0,0,0,0,0,0,-0.28512251,-0.39084083,-1.24143
1982,3,1982q3,-0.036308642,0.25421429,0,0,0,1,-0.20371705,-0.92048812,0.9054178,1.6733433,1.2535932,-0.23450233,0,0,0,0,0,0,0,0,0,0,0.64654899,0.048989415,-1.4762136
1982,4,1982q4,-0.4134852,-0.37717655,0,0,0,1,-0.27127266,-1.902582,0.4557676,1.7806362,1.4420309,0.078773655,0,0,0,0,0,0,0,0,0,0,0.46456629,-0.62658143,-2.2920165
1983,1,1983q1,-0.29159498,0.12189022,0,0,0,1,-0.1685545,-1.5799038,0.99714583,1.8521646,1.4462345,0.72792673,0,0,0,0,0,0,0,0,0,0,0.26201418,-0.6044696,-1.5925552
1983,2,1983q2,0.24559838,0.53719336,0,1,0,1,0.23007715,-1.1176683,0.3126716,1.9236932,2.010432,0.20307955,0,0,0,0,0,0,0,0,0,0,0.75234342,0.28576386,-1.0056535
1983,3,1983q3,-0.12804414,-0.3736425,0,0,0,1,0.19877037,-1.9233966,0.36564085,1.9594575,1.7980119,0.38074911,0,0,0,0,0,0,0,0,0,0,0.46485078,-0.36716035,-0.98093903
1983,4,1983q4,0.0091563622,0.1372005,0,0,0,1,0.069425248,-1.3742872,0.49707407,1.9952217,1.7769897,0.26962715,0,0,0,0,0,0,0,0,0,0,0.50746614,-0.28735417,-0.90408403
1984,1,1984q1,-0.062467806,-0.071624167,0,0,0,1,0.072804689,-1.3416393,1.4701293,1.9594575,1.5667745,0.17482822,0,0,0,0,0,0,0,0,0,0,0.62372136,-0.61014104,-0.84309506
1984,2,1984q2,-0.27932748,-0.21685967,0,0,0,1,-0.29110572,-1.2574573,2.2434561,1.9952217,2.0498433,-0.93325222,0,0,0,0,0,0,0,0,0,0,0.039206475,-0.8561427,-1.7845373
1984,3,1984q3,-0.42360857,-0.14428109,0,0,0,1,-0.32336548,-1.7518446,2.1565135,2.0309861,1.7278891,-0.12149697,0,0,0,0,0,0,0,0,0,0,-0.30192071,-0.6840862,-1.2639594
1984,4,1984q4,-0.4505327,-0.026924133,0,0,0,1,-0.29546401,-1.8938922,2.2262156,2.1025145,1.892113,0.57097483,0,0,0,0,0,0,0,0,0,0,0.21988085,-0.93917078,-1.7001069
1985,1,1985q1,-0.47289142,-0.022358716,0,0,0,1,-0.62885141,-1.4976599,1.7863063,2.0667503,1.8736628,0.36882076,0,0,0,0,0,0,0,0,0,0,0.27070048,-0.76100177,-1.7379017
1985,2,1985q2,-0.090786442,0.38210499,0,0,0,1,-0.14832701,-1.2433565,0.25693873,2.1025145,2.6220617,0.67079622,0,0,0,0,0,0,0,0,0,0,0.18748015,-0.33264071,-1.0424612
1985,3,1985q3,-0.08231809,0.0084683523,0,0,0,1,-0.23065418,-0.98583245,0.12079908,2.1025145,1.5768654,-0.40777722,0,0,0,0,0,0,0,0,0,0,1.1481956,-0.17483512,-0.79889274
1985,4,1985q4,-0.16263881,-0.080320723,0,0,0,1,-0.1838735,-1.4860642,0.40589285,2.1025145,1.6675283,-0.058088403,0,0,0,0,0,0,0,0,0,0,0.8483867,-0.59163916,-1.1910334
1986,1,1986q1,0.17504689,0.3376857,0,0,0,1,0.16360253,-1.1946721,0.31964538,2.1740432,1.7785339,0.1158143,0,0,0,0,0,0,0,0,0,0,0.93844998,-0.26452917,-0.75186378
1986,2,1986q2,0.25797078,0.082923889,0,0,0,1,0.064394169,-0.81806344,0.26444718,2.2098074,2.0128548,0.35689241,0,0,0,0,0,0,0,0,0,0,0.49069837,-0.13339229,-0.68249661
1986,3,1986q3,0.49601486,0.23804408,0,0,0,1,0.40871567,-0.74180251,-0.29038933,2.2098074,1.6172879,0.06872873,0,0,0,0,0,0,0,0,0,0,0.46623814,-0.053789642,-0.65501368
1986,4,1986q4,0.074447669,-0.4215672,0,0,0,1,0.016725289,-1.1119823,-0.080275759,2.1382787,1.9414985,0.82963151,0,0,0,0,0,0,0,0,0,0,0.74711764,-0.4872835,-1.0250061
1987,1,1987q1,0.42403424,0.34958658,0,0,0,1,0.19667165,-0.56013429,1.1897945,2.0309861,1.8160664,0.1735726,0,0,0,0,0,0,0,0,0,0,0.48891273,-0.18814357,-0.025845313
1987,2,1987q2,-0.1218477,-0.54588193,0,1,0,1,-0.15013218,-1.5673289,0.56763941,1.887929,1.8000785,0.51698333,0,0,0,0,0,0,0,0,0,0,-0.19149707,-0.73629498,-1.3393015
1987,3,1987q3,1.061355,1.1832027,0,0,0,1,0.79046386,0.057497781,-0.22788757,1.7091076,1.2229509,1.1818316,0,0,0,0,0,0,0,0,0,0,1.6683731,0.89233983,1.0989916
1987,4,1987q4,0.21746746,-0.84388757,0,0,0,1,0.43923935,-1.0934424,-0.35857022,1.5302863,1.3367907,0.38577157,0,0,0,0,0,0,0,0,0,0,0.7808907,-0.13948146,-0.88161039
1988,1,1988q1,0.360396,0.14292854,0,0,0,1,0.415043,-0.88393795,0.659118,1.351465,0.94305283,0.83151495,0,0,0,0,0,0,0,0,0,0,0.7031337,-0.062960498,-0.078956015
1988,2,1988q2,0.0107294,-0.3496666,0,0,0,1,0.097812064,-0.94793773,0.14161572,1.2084079,1.319703,0.058683809,0,0,0,0,0,0,0,0,0,0,0.015381436,-0.19382596,-0.92621452
1988,3,1988q3,0.29131091,0.2805815,0,0,0,1,0.45370325,-1.0370688,1.124199,1.0295866,0.78032517,0.62119943,0,0,0,0,0,0,0,0,0,0,0.7627387,0.0092344033,-0.71751559
1988,4,1988q4,0.020284683,-0.27102622,0,0,0,1,0.31453183,-1.6138499,-0.32780534,0.88652951,0.75663793,0.18361752,0,0,0,0,0,0,0,0,0,0,0.4283731,-0.35456643,-0.88137931
1989,1,1989q1,-0.32137248,-0.34165716,0,0,0,1,-0.082882158,-1.7732219,-0.61866587,0.70770818,0.51360297,-0.09512905,0,0,0,0,0,0,0,0,0,0,0.15610816,-0.82579547,-1.1823997
1989,2,1989q2,0.33947906,0.66085154,0,0,0,1,0.36529687,-0.72940326,0.19400452,0.56465107,0.84045988,0.046127658,0,0,0,0,0,0,0,0,0,0,0.51355547,-0.20249714,-0.31170204
1989,3,1989q3,0.7379905,0.39851144,0,0,0,1,0.75976813,-0.67175746,1.3599486,0.4573583,0.22345847,-0.32113978,0,0,0,0,0,0,0,0,0,0,0.82965016,0.2355178,-0.042884793
1989,4,1989q4,0.44414899,-0.29384151,0,0,0,1,0.49364179,-0.73559779,0.47670487,0.38582975,0.44736612,-0.33746278,0,0,0,0,0,0,0,0,0,0,0.88884759,0.059769668,-0.60277838
1990,1,1990q1,0.15917128,-0.2849777,0,0,0,1,0.087219283,-0.81334466,0.77737969,0.31430122,0.25116065,0.039221775,0,0,0,0,0,0,0,0,0,0,0.24542683,-0.0006434539,-1.0422492
1990,2,1990q2,0.22436137,0.065190092,0,0,0,1,0.0937846,-0.85184526,-0.056992106,0.27853695,0.87158895,-0.052438136,0,0,0,0,0,0,0,0,0,0,0.15803598,-0.062818065,-0.67970949
1990,3,1990q3,0.66868562,0.44432425,1,0,0,1,0.6949926,-0.52150786,-0.74593353,0.3500655,0.37639964,-1.0462575,0,0,0,0,0,0,0,0,0,0,1.2586403,0.53306913,0.020223474
1990,4,1990q4,0.09373042,-0.57495522,1,0,0,1,0.12316495,-1.0025197,-0.73642915,0.5288868,0.65746111,-0.60114199,0,0,0,0,0,0,0,0,0,0,-0.18735109,-0.48752591,-0.98666382
1991,1,1991q1,-0.21488485,-0.30861527,1,0,0,1,0.052574478,-1.8730115,-0.85928828,0.77923667,0.43111682,-0.55154514,0,0,0,0,0,0,0,0,0,0,-0.76569754,-0.72337788,-1.2163147
1991,2,1991q2,0.33748767,0.55237252,1,0,0,1,0.12482784,-0.42121279,-0.35857022,1.0653508,2.0224621,-0.44858474,0,0,0,0,0,0,0,0,0,0,0.30194545,0.15026496,-0.59735554
1991,3,1991q3,0.62565267,0.288165,1,0,0,1,0.48052478,-0.40501103,-0.56794071,1.2799364,0.97999901,-0.51324892,0,0,0,0,0,0,0,0,0,0,0.52333224,0.36921066,-0.69152075
1991,4,1991q4,0.4362728,-0.18937987,0,0,0,1,0.51749611,-0.8605901,-0.7131815,1.4229935,1.2885293,-0.24266383,0,0,0,0,0,0,0,0,0,0,0.50092477,0.2075054,-0.7701785
1992,1,1992q1,0.45713955,0.020866752,0,0,0,1,0.43136919,-0.52019101,-0.97967952,1.5660505,1.1196359,-0.32804567,0,0,0,0,0,0,0,0,0,0,0.20418343,0.12646204,-0.62231922
1992,2,1992q2,1.4534169,0.99627739,0,1,0,1,1.4614452,0.31578127,-1.2066433,1.6733433,1.6939486,-0.4209612,0,0,0,0,0,0,0,0,0,0,1.5249352,1.7832881,1.1732181
1992,3,1992q3,0.21209349,-1.2413235,0,0,0,1,0.16356988,-0.66481888,-0.72704351,1.7448719,1.1005238,0.066845305,0,0,0,0,0,0,0,0,0,0,-0.09001644,-0.011062073,-0.58651119
1992,4,1992q4,0.85222495,0.64013147,0,0,0,1,1.0751925,-0.63215458,-0.70861715,1.887929,1.5373799,0.10639718,0,0,0,0,0,0,0,0,0,0,1.3021051,0.56679732,-0.25329465
1993,1,1993q1,0.79796839,-0.054256558,0,0,0,1,0.65509301,-0.15937786,-0.58704704,1.9594575,1.3832295,0.12523142,0,0,0,0,0,0,0,0,0,0,1.0393345,0.58788472,-0.20246887
1993,2,1993q2,0.53810102,-0.25986737,0,0,0,1,0.49486911,-0.53310257,-0.56794071,1.9236932,1.965071,-0.019792141,0,0,0,0,0,0,0,0,0,0,0.43442994,0.40768424,-0.28134203
1993,3,1993q3,0.44331622,-0.094784796,0,0,0,1,0.34861875,-0.32895592,-1.2808605,1.887929,1.3683093,0.17043357,0,0,0,0,0,0,0,0,0,0,0.13384332,0.065885805,-0.24276879
1993,4,1993q4,0.90750301,0.46418679,0,0,0,1,1.1187116,-0.73322928,-0.64328575,1.8164004,1.3028038,0.10388596,0,0,0,0,0,0,0,0,0,0,0.80400234,0.85715395,-0.3116065
1994,1,1994q1,0.62727982,-0.28022319,0,0,0,1,0.78823572,-0.46014726,-2.5608497,1.7448719,1.1867325,0.44039083,0,0,0,0,0,0,0,0,0,0,0.42671803,0.28177929,-0.4394795
1994,2,1994q2,1.2382212,0.61094135,0,0,0,1,1.0600164,0.36956376,-0.9603436,1.6375791,1.5603853,0.39267746,0,0,0,0,0,0,0,0,0,0,1.2992114,0.8285594,0.92744285
1994,3,1994q3,1.5831751,0.34495389,0,0,0,1,1.3949572,0.54687738,-1.1554301,1.5302863,0.95718199,0.37070417,0,0,0,0,0,0,0,0,0,0,1.817398,1.3080204,0.80863285
1994,4,1994q4,0.87461764,-0.70855743,0,0,0,1,0.93869752,-0.58584666,-1.5472738,1.4229935,0.94787359,-0.019164333,0,0,0,0,0,0,0,0,0,0,1.0818641,0.90343153,0.20288144
1995,1,1995q1,1.2073368,0.33271915,0,0,0,1,1.0638742,0.20841907,-1.3524231,1.2441721,0.9664644,-0.17737184,0,0,0,0,0,0,0,0,0,0,1.1639259,0.82486165,0.039373461
1995,2,1995q2,0.79004568,-0.4172911,0,0,0,1,0.53282595,0.0044925548,-1.077147,1.1726437,1.1125796,-0.10831301,0,0,0,0,0,0,0,0,0,0,0.88109165,0.57849073,0.38536176
1995,3,1995q3,1.2632167,0.47317106,0,0,0,1,0.92294878,0.67731047,-1.3006206,1.1011151,0.63017452,0.32989669,0,0,0,0,0,0,0,0,0,0,0.62182832,1.0305173,0.3690815
1995,4,1995q4,1.1813362,-0.081880569,0,0,0,1,1.2469167,-0.19307101,-0.69508815,1.0653508,0.73768646,-0.053065944,0,0,0,0,0,0,0,0,0,0,0.9881233,0.77669132,0.26003036
1996,1,1996q1,0.58137125,-0.59996492,0,0,0,1,0.5394358,-0.6490373,-1.0697495,1.1011151,0.75851202,0.38577157,0,0,0,0,0,0,0,0,0,0,0.42066419,0.15055311,-0.38617653
1996,2,1996q2,0.7462393,0.16486806,0,0,0,1,0.56900585,-0.1819219,-0.36143056,1.0653508,0.90595156,-0.17737184,0,0,0,0,0,0,0,0,0,0,0.58345813,0.32242596,0.19592771
1996,3,1996q3,1.2806238,0.53438449,0,0,0,1,0.83823711,0.81890315,0.3902607,0.958058,0.4824954,-0.13405313,0,0,0,0,0,0,0,0,0,0,0.96662444,0.79569149,0.59705669
1996,4,1996q4,0.45535153,-0.82527226,0,0,0,1,0.47272611,-0.89623886,-0.47241148,0.77923667,0.49289545,-0.15163173,0,0,0,0,0,0,0,0,0,0,-0.54987448,-0.073226549,-0.63495821
1997,1,1997q1,0.47980681,0.024455279,0,0,0,1,0.36982849,-0.45490298,-1.3006206,0.49312255,0.036875296,-0.049926907,0,0,0,0,0,0,0,0,0,0,-0.25232142,-0.35427627,-0.44025695
1997,2,1997q2,2.5338299,2.054023,0,1,0,0,1.5037749,2.9377408,-1.107488,0.3500655,0.18275666,0.36442611,0,0,0,0,0,0,0,0,0,0,2.2211981,2.8306737,2.5767415
1997,3,1997q3,1.9995973,-0.53423262,0,0,0,0,1.3236871,1.8028862,-2.3721533,0.24277268,-0.078292467,0.098863497,0,0,0,0,0,0,0,0,0,0,1.1544979,2.1073966,1.8893653
1997,4,1997q4,1.7269574,-0.27263987,0,0,0,0,1.2098166,1.2764927,-1.6841677,0.1354799,-0.14119501,0.48810419,0,0,0,0,0,0,0,0,0,0,1.855882,1.750044,0.93926328
1998,1,1998q1,1.5120273,-0.21493018,0,0,0,0,0.84351313,1.5915627,-1.3741879,0.063951358,-0.42790654,0.04549985,0,0,0,0,0,0,0,0,0,0,1.1501441,1.4184589,0.99476582
1998,2,1998q2,1.1042211,-0.40780616,0,0,0,0,0.70283091,0.75136912,-1.1637267,0.028187091,-0.043479439,0.12083676,0,0,0,0,0,0,0,0,0,0,0.3416166,1.1336135,0.70977521
1998,3,1998q3,1.7405573,0.63633621,0,0,0,0,1.0086589,1.6250409,-1.172116,0.028187091,-0.42507547,0.097607881,0,0,0,0,0,0,0,0,0,0,1.2387445,1.5650015,1.0269902
1998,4,1998q4,1.6435117,-0.09704566,0,0,0,0,1.1806581,1.068011,-1.8517122,-0.0075771753,-0.24805236,0.28532234,0,0,0,0,0,0,0,0,0,0,1.0545391,1.6901804,0.55423492
1999,1,1999q1,1.2661012,-0.37741041,0,0,0,0,0.87615037,0.73344535,-1.3417727,-0.043341443,-0.47946846,-0.054949366,0,0,0,0,0,0,0,0,0,0,0.81491184,1.0938467,0.60625285
1999,2,1999q2,1.0864137,-0.1796875,0,0,0,0,0.74721086,0.5531379,-1.3524231,-0.079105705,-0.17741883,-0.20499538,0,0,0,0,0,0,0,0,0,0,0.20492703,0.76237243,-0.54998714
1999,3,1999q3,1.602473,0.51605928,0,0,0,0,1.317301,1.0676564,-1.7726036,-0.15063424,-0.6267547,0.66891277,0,0,0,0,0,0,0,0,0,0,0.78247148,1.5298617,1.1115267
1999,4,1999q4,1.6263397,0.023866653,0,0,0,0,1.2383178,0.93413603,-1.4557544,-0.18639851,-0.46995896,0.48622078,0,0,0,0,0,0,0,0,0,0,0.8009392,1.4059966,0.81539851
2000,1,2000q1,1.2093604,-0.41697931,0,0,0,0,0.94142932,0.76701611,-1.872864,-0.22216277,-0.7739315,0.30290097,0,0,0,0,0,0,0,0,0,0,0.33581054,1.0169969,0.32120708
2000,2,2000q2,1.3646277,0.15526736,0,0,0,0,0.99005121,0.89674383,-1.9401482,-0.29369131,-0.40608361,0.10011911,0,0,0,0,0,0,0,0,0,0,0.53641719,1.029088,0.11115617
2000,3,2000q3,1.3723102,0.0076824427,0,0,0,0,0.96632928,0.97600073,-0.41487238,-0.32945558,-0.76655924,-0.11773013,0,0,0,0,0,0,0,0,0,0,-0.022304541,1.1328971,0.50386035
2000,4,2000q4,1.445502,0.073191881,0,0,0,0,1.0013455,1.0337321,-0.61063546,-0.36521983,-0.54861188,-0.16921034,0,0,0,0,0,0,0,0,0,0,0.92500544,0.94751233,0.51668382
2001,1,2001q1,0.71813893,-0.72736311,0,0,0,0,0.41346067,0.27400157,-0.85374701,-0.43674839,-0.99155164,0.35626462,0,0,0,0,0,0,0,0,0,0,-0.065663442,-0.12934522,-0.55101115
2001,2,2001q2,1.2990234,0.58088446,0,1,0,0,1.0222366,0.95627743,-0.94149315,-0.43674839,-0.35557714,0.12711483,0,0,0,0,0,0,0,0,0,0,0.70018262,0.71787041,0.25331289
2001,3,2001q3,2.2437639,0.94474053,0,0,0,0,1.7631719,1.7840652,-1.3966027,-0.47251263,-0.84169787,-0.019164333,0,0,0,0,0,0,0,0,0,0,2.0958405,2.4397714,2.0762827
2001,4,2001q4,1.0996172,-1.1441467,0,0,0,0,0.56313878,0.73452479,-0.55299819,-0.47251263,-0.84170449,-0.15790981,0,0,0,0,0,0,0,0,0,0,0.67393363,0.4275488,0.32197538
2002,1,2002q1,1.809678,0.71006072,0,0,0,0,1.2829511,1.5489419,-0.57172328,-0.47251263,-0.88208914,-0.069388941,0,0,0,0,0,0,0,0,0,0,1.9418775,1.8122454,1.5043832
2002,2,2002q2,1.9999758,0.19029784,0,0,0,0,1.397366,1.6628766,-0.74593353,-0.50827688,-0.58327091,0.16227207,0,0,0,0,0,0,0,0,0,0,1.475134,1.8652925,1.3859346
2002,3,2002q3,1.3323777,-0.66759813,0,0,0,0,0.9856903,0.45451915,0.18713497,-0.50827688,-0.85990256,0.19742928,0,0,0,0,0,0,0,0,0,0,0.87276673,0.83334321,1.030436
2002,4,2002q4,1.1486602,-0.18371749,0,0,0,0,0.63252962,0.69150227,0.00001437,-0.50827688,-0.71389318,0.21877475,0,0,0,0,0,0,0,0,0,0,0.62535423,0.7963863,0.68319249
2003,1,2003q1,1.2433448,0.094684601,0,0,1,0,0.61207038,1.1071446,-0.95400739,-0.50827688,-0.88913578,0.25204855,0,0,0,0,0,1,0,0,0,0,0.95951438,0.79931706,0.69468141
2003,2,2003q2,1.5075419,0.26419711,0,0,1,0,1.1352775,0.97127181,-1.3632267,-0.50827688,-0.68577647,0.52828389,0,0,0,0,0,1,0,0,0,0,0.599042,1.3376424,1.3231245
2003,3,2003q3,1.3421476,-0.16539431,0,0,0,0,1.1649698,0.6634019,-1.2245213,-0.50827688,-0.84228665,0.43976301,0,0,0,0,0,0,0,0,0,0,0.91831386,1.3395797,1.0518419
2003,4,2003q4,1.6699209,0.32777333,0,0,0,0,1.2897273,1.1131599,-0.4625102,-0.54404116,-0.7344836,0.27339402,0,0,0,0,0,0,0,0,0,0,1.5215545,1.3446811,1.2482696
2004,1,2004q1,1.5349842,-0.13493669,0,0,0,0,1.0432535,1.1295347,-0.074386805,-0.57980543,-0.98315775,-0.15288734,0,0,0,0,0,0,0,0,0,0,1.1883613,1.5931541,1.6314709
2004,2,2004q2,1.4867733,-0.048210979,0,0,0,0,1.0035386,1.1846527,-0.3088643,-0.61556971,-0.74338996,-0.16481569,0,0,0,0,0,0,0,0,0,0,0.548917,1.092401,0.94303346
2004,3,2004q3,1.7372605,0.25048721,0,0,0,0,1.2432112,1.0713476,-0.96673375,-0.65133399,-1.0056322,-0.2727986,0,0,0,0,0,0,0,0,0,0,0.99576873,1.4943277,1.3366591
2004,4,2004q4,1.6690514,-0.068209052,0,0,0,0,1.2831481,1.1520268,-0.92310435,-0.65133399,-0.79221159,-0.099523708,0,0,0,0,0,0,0,0,0,0,1.1022975,1.5936149,0.87169659
2005,1,2005q1,1.4268585,-0.24219286,0,0,0,0,0.93555689,1.0970674,-2.6164925,-0.65133399,-0.96334666,0.089446381,0,0,0,0,0,0,0,0,0,0,0.64788634,1.2721851,1.0360862
2005,2,2005q2,2.3980191,0.97116053,0,1,0,0,1.8300183,2.1203647,-1.7183025,-0.61556971,-0.67364877,0.29097262,0,0,0,0,0,0,0,0,0,0,2.178932,2.7347019,2.4031987
2005,3,2005q3,1.4887248,-0.90929425,0,0,0,0,1.5722505,0.33858761,-1.4557544,-0.61556971,-0.8195802,0.29285604,0,0,0,0,0,0,0,0,0,0,0.72815645,1.4104377,1.4713542
2005,4,2005q4,1.2977811,-0.19094372,0,0,0,0,0.9848361,0.55788851,-1.7540635,-0.57980543,-0.80164832,0.49249884,0,0,0,0,0,0,0,0,0,0,0.2689929,1.0711026,1.2907946
2006,1,2006q1,2.0200937,0.72231257,0,0,1,0,1.6537228,1.3404453,0.22613081,-0.57980543,-0.95743805,0.012226047,0,0,0,0,0,0,1,0,0,0,1.5395142,1.8683717,1.7278693
2006,2,2006q2,2.0138986,-0.0061950684,0,0,1,0,1.5484488,1.600232,-1.1472241,-0.54404116,-0.47903791,-0.039254177,0,0,0,0,0,0,1,0,0,0,1.6708561,2.3852186,2.0452077
2006,3,2006q3,1.8113534,-0.20254517,0,0,1,0,1.1040461,1.5944095,-1.7183025,-0.54404116,-0.71703941,-0.24391945,0,0,0,0,0,0,1,0,0,0,0.34755662,1.622736,0.90527689
2006,4,2006q4,1.60105,-0.21030343,0,0,1,0,1.2361997,0.86060297,-1.6515174,-0.54404116,-0.67761374,0.11895334,0,0,0,0,0,0,1,0,0,0,0.73247391,1.1278585,0.86936492
2007,1,2007q1,2.174175,0.573125,0,0,1,0,1.7080452,1.5341512,-0.82133168,-0.57980543,-0.92499655,0.12523142,0,0,0,0,0,0,1,0,0,0,1.5142505,1.8766148,1.3437779
2007,2,2007q2,1.9780324,-0.19614267,0,0,1,0,1.6722312,1.2946229,-0.54930854,-0.61556971,-0.67528576,0.023526583,0,0,0,0,0,0,1,0,0,0,0.99621379,1.5767065,1.0315778
2007,3,2007q3,2.9021773,0.92414498,0,0,0,0,2.4502761,2.1133406,-0.30619702,-0.65133399,-1.0465031,0.17545602,0,0,0,0,0,0,0,0,0,0,2.3044741,2.901228,2.2063046
2007,4,2007q4,2.2555554,-0.64662194,0,0,0,0,1.8637995,1.4434521,-0.021542257,-0.68709826,-0.69510084,-0.059971828,0,0,0,0,0,0,0,0,0,0,2.0847857,2.3317053,1.6421627
2008,1,2008q1,2.291095,0.035539627,0,0,0,0,1.877279,1.7030667,-1.2245213,-0.72286248,-0.95334065,-0.15728201,0,0,0,0,0,0,0,0,0,0,1.6658257,2.1469188,1.6993695
2008,2,2008q2,1.8563952,-0.43469977,1,0,0,0,1.6340625,0.97951341,-0.75073123,-0.68709826,-0.39574194,-0.49880934,0,0,0,0,0,0,0,0,0,0,0.99707955,1.3715609,0.70271695
2008,3,2008q3,2.2322655,0.37587023,1,0,0,0,1.8885837,1.3799512,0.14014781,-0.57980543,-0.55530304,-1.3984576,0,0,0,0,0,0,0,0,0,0,1.2670194,2.1730199,1.4494987
2008,4,2008q4,2.3236177,0.091352224,1,0,0,0,1.8707303,1.679074,-2.8925941,-0.40098411,-0.7420274,-1.7531689,0,0,0,0,0,0,0,0,0,0,1.6222166,2.4622724,1.4130672
2009,1,2009q1,1.6341497,-0.68946803,1,0,0,0,1.3394305,0.86627996,-2.1255,-0.11486997,-0.6439898,-1.4775614,0,0,0,0,0,0,0,0,0,0,0.82633471,1.3250244,0.45836428
2009,2,2009q2,2.1090522,0.47490251,1,0,0,0,1.8348335,1.3700618,-1.5472738,0.099715628,0.012625713,-0.51764357,0,0,0,0,0,0,0,0,0,0,1.4773389,1.85511,1.2896076
2009,3,2009q3,1.5772594,-0.53179276,0,0,0,0,1.2219108,0.88693839,-0.86487073,0.1354799,-0.075514995,-0.22822426,0,0,0,0,0,0,0,0,0,0,-0.25563192,0.841088,0.63083947
2009,4,2009q4,2.1399024,0.56264293,0,0,0,0,1.7312551,1.5838183,-0.41795591,0.17124416,-0.040955082,-0.10956863,0,0,0,0,0,0,0,0,0,0,1.9098799,2.1353271,1.0825697
2010,1,2010q1,1.7257512,-0.41415119,0,0,0,0,1.3943932,1.058652,-0.30089071,0.1354799,-0.052024584,-0.034231715,0,0,0,0,0,0,0,0,0,0,1.131721,1.6188179,0.90900749
2010,2,2010q2,3.3992476,1.6734965,0,1,0,1,2.2367246,4.0216932,-2.221482,0.063951358,0.042694893,0.25958225,0,0,0,0,0,0,0,0,0,0,3.171381,4.5136886,2.8823278
2010,3,2010q3,2.4138584,-0.98538923,0,0,0,1,1.6327608,1.95309,-2.509047,-0.0075771753,-0.33405334,0.052405734,0,0,0,0,0,0,0,0,0,0,2.6729715,3.1174116,2.0385334
2010,4,2010q4,2.2753241,-0.13853431,0,0,0,1,1.5603627,1.579845,-1.7010411,-0.0075771753,-0.1155672,-0.3380906,0,0,0,0,0,0,0,0,0,0,2.1386266,2.8887119,2.0878577
2011,1,2011q1,2.5362637,0.2609396,0,0,0,1,1.7694594,1.8249753,-1.4681652,-0.0075771753,0.060830604,-0.01728091,0,0,0,0,0,0,0,0,0,0,2.1465786,2.9911122,1.9836904
2011,2,2011q2,2.1390169,-0.39724684,0,0,0,1,1.6771519,0.98007256,-0.26981714,0.063951358,0.14486873,-0.21064565,0,0,0,0,0,0,0,0,0,0,1.6813524,2.6439073,1.6305197
2011,3,2011q3,2.2998695,0.16085267,0,0,0,1,1.6592748,1.4242922,-2.4150698,0.1354799,-0.12491538,0.083168305,0,0,0,0,0,0,0,0,0,0,2.2593834,2.7879894,1.9290599
2011,4,2011q4,2.1536317,-0.14623785,0,0,0,1,1.7123544,0.68168306,0.65542835,0.17124416,0.034417804,-0.3632029,0,0,0,0,0,0,0,0,0,0,1.4264773,2.626523,1.0700088
2012,1,2012q1,2.1985033,0.044871569,0,0,0,1,1.6477541,0.99780774,-1.5334966,0.1354799,-0.19734719,-0.31109485,0,0,0,0,0,0,0,0,0,0,1.7395753,2.7051251,1.6071092
2012,2,2012q2,2.255573,0.057069778,0,0,0,1,1.9195768,0.94736397,-0.76531106,0.099715628,-0.058971923,-0.46553552,0,0,0,0,0,0,0,0,0,0,1.1728079,2.7951014,1.43857
2012,3,2012q3,2.450412,0.194839,0,0,0,1,1.9316281,1.1483122,-2.1255,0.099715628,-0.2425542,0.16917795,0,0,0,0,0,0,0,0,0,0,1.7605911,3.2122245,2.1763511
2012,4,2012q4,2.3618805,-0.088531494,0,0,0,1,1.7564219,1.4914253,-2.4605892,0.099715628,0.074721657,-0.56598473,0,0,0,0,0,0,0,0,0,0,1.5503719,2.7973626,1.4746572
2013,1,2013q1,1.9804429,-0.38143766,0,0,0,1,1.4821373,0.88653094,-1.123131,0.063951358,-0.23180717,0.020387545,0,0,0,0,0,0,0,0,0,0,1.3378586,2.6517322,0.99120575
2013,2,2013q2,2.2708473,0.29040444,0,0,0,1,1.6485268,1.7167462,-0.94149315,-0.0075771753,-0.18643819,0.049894501,0,0,0,0,0,0,0,0,0,0,1.34247,2.5876889,1.4381171
2013,3,2013q3,2.2398338,-0.031013489,0,0,0,1,1.7501242,1.4206462,-2.2564111,-0.079105705,-0.3970857,0.096352264,0,0,0,0,0,0,0,0,0,0,0.98519653,2.6641772,2.4419382
2013,4,2013q4,2.1094322,-0.13040161,0,0,0,1,1.786379,0.72110015,-0.53834718,-0.22216277,-0.42899454,-0.0988959,0,0,0,0,0,0,0,0,0,0,0.5106557,2.4097817,1.5985819
